{"cameraMode":{"drawMode":0,"name":"Shaded","section":"Shading Mode"},"sceneLighting":true,"audioPlay":false,"sceneViewState":{"m_AlwaysRefresh":false,"showFog":true,"showSkybox":true,"showFlares":true,"showImageEffects":true,"showParticleSystems":true,"showVisualEffectGraphs":true,"m_FxEnabled":true},"in2DMode":false,"pivot":{"x":-2.402631998062134,"y":7.7060627937316898,"z":-4.658377647399902},"rotation":{"x":-0.3098788857460022,"y":-0.04705921560525894,"z":0.014553476125001908,"w":-0.9498843550682068},"size":0.8660253882408142,"orthographic":false}